{"cameraMode":{"drawMode":0,"name":"Shaded","section":"Shading Mode"},"sceneLighting":true,"audioPlay":false,"sceneViewState":{"m_AlwaysRefresh":false,"showFog":true,"showSkybox":true,"showFlares":true,"showImageEffects":true,"showParticleSystems":true,"showVisualEffectGraphs":true,"m_FxEnabled":true},"in2DMode":false,"pivot":{"x":79.28749084472656,"y":5.313989639282227,"z":61.814212799072269},"rotation":{"x":0.6803902983665466,"y":0.043568067252635959,"z":-0.04020881652832031,"w":0.7305995225906372},"size":5.187793254852295,"orthographic":true}