{"cameraMode":{"drawMode":0,"name":"Shaded","section":"Shading Mode"},"sceneLighting":true,"audioPlay":false,"sceneViewState":{"m_AlwaysRefresh":false,"showFog":true,"showSkybox":true,"showFlares":true,"showImageEffects":true,"showParticleSystems":true,"showVisualEffectGraphs":true,"m_FxEnabled":true},"in2DMode":false,"pivot":{"x":6.29037618637085,"y":2.9314348697662355,"z":1.6218098402023316},"rotation":{"x":-0.4717797636985779,"y":-0.06685420870780945,"z":0.03579598665237427,"w":-0.8785256743431091},"size":1.7413347959518433,"orthographic":true}