{"cameraMode":{"drawMode":0,"name":"Shaded","section":"Shading Mode"},"sceneLighting":true,"audioPlay":false,"sceneViewState":{"m_AlwaysRefresh":false,"showFog":true,"showSkybox":true,"showFlares":true,"showImageEffects":true,"showParticleSystems":true,"showVisualEffectGraphs":true,"m_FxEnabled":true},"in2DMode":false,"pivot":{"x":2.6594042778015138,"y":0.7810869812965393,"z":-0.48481643199920657},"rotation":{"x":-0.16620391607284547,"y":-0.743910551071167,"z":0.20093224942684174,"w":-0.6153264045715332},"size":11.172306060791016,"orthographic":false}