{"cameraMode":{"drawMode":0,"name":"Shaded","section":"Shading Mode"},"sceneLighting":true,"audioPlay":false,"sceneViewState":{"m_AlwaysRefresh":false,"showFog":true,"showSkybox":true,"showFlares":true,"showImageEffects":true,"showParticleSystems":true,"showVisualEffectGraphs":true,"m_FxEnabled":true},"in2DMode":false,"pivot":{"x":-2.040041923522949,"y":-55.351016998291019,"z":5.444018363952637},"rotation":{"x":0.6719381809234619,"y":0.002217358211055398,"z":-0.0020131466444581749,"w":0.7406261563301086},"size":42.299583435058597,"orthographic":false}