{"cameraMode":{"drawMode":0,"name":"Shaded","section":"Shading Mode"},"sceneLighting":true,"audioPlay":false,"sceneViewState":{"m_AlwaysRefresh":false,"showFog":true,"showSkybox":true,"showFlares":true,"showImageEffects":true,"showParticleSystems":true,"showVisualEffectGraphs":true,"m_FxEnabled":true},"in2DMode":false,"pivot":{"x":-3.1732840538024904,"y":1.1105053424835206,"z":5.315680503845215},"rotation":{"x":0.009504607878625393,"y":-0.7304080128669739,"z":0.6829188466072083,"w":0.010173097252845765},"size":37.003135681152347,"orthographic":false}